[[{"location":"D:\\DistributedSystems\\Projects\\DistribtedSystems\\CommunicationInfrastructure\\lib\\dropbox-core-sdk-1.8.2.jar","type":"JAR","hints":{}},"com.dropbox.core:dropbox-core-sdk:1.8.2"],[{"location":"D:\\DistributedSystems\\Projects\\DistribtedSystems\\CommunicationInfrastructure","type":"PROJECT","hints":{"PROJECT_NAME":"CommunicationInfrastructure"}},"ABSENT"],[{"location":"C:\\Program Files\\Java\\jre1.8.0_31","type":"JRE","hints":{"EXECUTION_ENVIRONMENT":"JavaSE-1.8"}},"jre:jre:1.8.0"]]